-- loc_country
INSERT INTO `loc_country` (`country_id`, `name`, `short_name`) VALUES
	(1, 'Afghanistan', 'AF'),
	(2, 'Albania', 'AL'),
	(3, 'Algeria', 'DZ'),
	(4, 'American Samoa', 'AS'),
	(5, 'Andorra', 'AD'),
	(6, 'Angola', 'AO'),
	(7, 'Anguilla', 'AI'),
	(8, 'Antarctica', 'AQ'),
	(9, 'Antigua and Barbuda', 'AG'),
	(10, 'Argentina', 'AR'),
	(11, 'Armenia', 'AM'),
	(12, 'Aruba', 'AW'),
	(13, 'Australia', 'AU'),
	(14, 'Austria', 'AT'),
	(15, 'Azerbaijan', 'AZ'),
	(16, 'Bahamas', 'BS'),
	(17, 'Bahrain', 'BH'),
	(18, 'Bangladesh', 'BD'),
	(19, 'Barbados', 'BB'),
	(20, 'Belarus', 'BY'),
	(21, 'Belgium', 'BE'),
	(22, 'Belize', 'BZ'),
	(23, 'Benin', 'BJ'),
	(24, 'Bermuda', 'BM'),
	(25, 'Bhutan', 'BT'),
	(26, 'Bolivia', 'BO'),
	(27, 'Bosnia and Herzegovina', 'BA'),
	(28, 'Botswana', 'BW'),
	(29, 'Bouvet Island', 'BV'),
	(30, 'Brazil', 'BR'),
	(31, 'British Indian Ocean Territory', 'IO'),
	(32, 'Brunei Darussalam', 'BN'),
	(33, 'Bulgaria', 'BG'),
	(34, 'Burkina Faso', 'BF'),
	(35, 'Burundi', 'BI'),
	(36, 'Cambodia', 'KH'),
	(37, 'Cameroon', 'CM'),
	(38, 'Canada', 'CA'),
	(39, 'Cabo Verde', 'CV'),
	(40, 'Cayman Islands', 'KY'),
	(41, 'Central African Republic', 'CF'),
	(42, 'Chad', 'TD'),
	(43, 'Chile', 'CL'),
	(44, 'China', 'CN'),
	(45, 'Christmas Island', 'CX'),
	(46, 'Cocos (Keeling) Islands', 'CC'),
	(47, 'Colombia', 'CO'),
	(48, 'Comoros', 'KM'),
	(49, 'Congo', 'CG'),
	(50, 'Cook Islands', 'CK'),
	(51, 'Costa Rica', 'CR'),
	(52, 'Cote d\'Ivoire', 'CI'),
	(53, 'Croatia', 'HR'),
	(54, 'Cuba', 'CU'),
	(55, 'Cyprus', 'CY'),
	(56, 'Czech Republic', 'CZ'),
	(57, 'Denmark', 'DK'),
	(58, 'Djibouti', 'DJ'),
	(59, 'Dominica', 'DM'),
	(60, 'Dominican Republic', 'DO'),
	(61, 'East Timor', 'TL'),
	(62, 'Ecuador', 'EC'),
	(63, 'Egypt', 'EG'),
	(64, 'El Salvador', 'SV'),
	(65, 'Equatorial Guinea', 'GQ'),
	(66, 'Eritrea', 'ER'),
	(67, 'Estonia', 'EE'),
	(68, 'Ethiopia', 'ET'),
	(69, 'Falkland Islands (Malvinas)', 'FK'),
	(70, 'Faroe Islands', 'FO'),
	(71, 'Fiji', 'FJ'),
	(72, 'Finland', 'FI'),
	(73, 'France', 'FR'),
	(74, 'French Guiana', 'GF'),
	(75, 'French Polynesia', 'PF'),
	(76, 'French Southern Territories', 'TF'),
	(77, 'Gabon', 'GA'),
	(78, 'Gambia', 'GM'),
	(79, 'Georgia', 'GE'),
	(80, 'Germany', 'DE'),
	(81, 'Ghana', 'GH'),
	(82, 'Gibraltar', 'GI'),
	(83, 'Greece', 'GR'),
	(84, 'Greenland', 'GL'),
	(85, 'Grenada', 'GD'),
	(86, 'Guadeloupe', 'GP'),
	(87, 'Guam', 'GUAM'),
	(88, 'Guatemala', 'GT'),
	(89, 'Guernsey', 'GG'),
	(90, 'Guinea', 'GN'),
	(91, 'Guinea-Bissau', 'GW'),
	(92, 'Guyana', 'GY'),
	(93, 'Haiti', 'HT'),
	(94, 'Honduras', 'HN'),
	(95, 'Hong Kong', 'HK'),
	(96, 'Hungary', 'HU'),
	(97, 'Iceland', 'IS'),
	(98, 'India', 'IN'),
	(99, 'Indonesia', 'ID'),
	(100, 'Iran, Islamic Republic of', 'IR'),
	(101, 'Iraq', 'IQ'),
	(102, 'Ireland', 'IE'),
	(103, 'Isle of Man', 'IM'),
	(104, 'Israel', 'IL'),
	(105, 'Italy', 'IT'),
	(106, 'Jamaica', 'JM'),
	(107, 'Japan', 'JP'),
	(108, 'Jersey', 'JE'),
	(109, 'Jordan', 'JO'),
	(110, 'Kazakhstan', 'KZ'),
	(111, 'Kenya', 'KE'),
	(112, 'Kiribati', 'KI'),
	(113, 'Korea, Democratic People\'s Republic of', 'KP'),
	(114, 'Korea, Republic of', 'KR'),
	(115, 'Kuwait', 'KW'),
	(116, 'Kyrgyzstan', 'KG'),
	(117, 'Lao People\'s Democratic Republic', 'LA'),
	(118, 'Latvia', 'LV'),
	(119, 'Lebanon', 'LB'),
	(120, 'Lesotho', 'LS'),
	(121, 'Liberia', 'LR'),
	(122, 'Libyan Arab Jamahiriya', 'LY'),
	(123, 'Liechtenstein', 'LI'),
	(124, 'Lithuania', 'LT'),
	(125, 'Luxembourg', 'LU'),
	(126, 'Macau', 'MO'),
	(127, 'Macedonia', 'MK'),
	(128, 'Madagascar', 'MG'),
	(129, 'Malawi', 'MW'),
	(130, 'Malaysia', 'MY'),
	(131, 'Maldives', 'MV'),
	(132, 'Mali', 'ML'),
	(133, 'Malta', 'MT'),
	(134, 'Marshall Islands', 'MI'),
	(135, 'Martinique', 'MQ'),
	(136, 'Mauritania', 'MR'),
	(137, 'Mauritius', 'MU'),
	(138, 'Mexico', 'MX'),
	(139, 'Moldova, Republic of', 'MD'),
	(140, 'Monaco', 'MC'),
	(141, 'Mongolia', 'MN'),
	(142, 'Montserrat', 'MS'),
	(143, 'Morocco', 'MA'),
	(144, 'Mozambique', 'MZ'),
	(145, 'Myanmar', 'MM'),
	(146, 'Namibia', 'NA'),
	(147, 'Nauru', 'NR'),
	(148, 'Nepal', 'NP'),
	(149, 'Netherlands', 'NL'),
	(150, 'Netherlands Antilles', 'ANT'),
	(151, 'Neutral Zone (Saudi/Iraq)', 'NT'),
	(152, 'New Caledonia', 'NC'),
	(153, 'New Zealand', 'NZ'),
	(154, 'Nicaragua', 'NI'),
	(155, 'Niger', 'NE'),
	(156, 'Nigeria', 'NG'),
	(157, 'Niue', 'NU'),
	(158, 'Norfolk Island', 'NF'),
	(159, 'Northern Ireland', 'NIR'),
	(160, 'Northern Mariana Islands', 'NMI'),
	(161, 'Norway', 'NO'),
	(162, 'Oman', 'OM'),
	(163, 'Pakistan', 'PK'),
	(164, 'Palau', 'PAL'),
	(165, 'Palestinian Territory', 'PS'),
	(166, 'Panama', 'PA'),
	(167, 'Panama Canal Zone', 'PZ'),
	(168, 'Papua New Guinea', 'PG'),
	(169, 'Paraguay', 'PY'),
	(170, 'Peru', 'PE'),
	(171, 'Philippines', 'PH'),
	(172, 'Pitcairn Islands', 'PN'),
	(173, 'Poland', 'PL'),
	(174, 'Portugal', 'PT'),
	(175, 'Puerto Rico', 'PR'),
	(176, 'Qatar', 'QA'),
	(177, 'Reunion', 'RE'),
	(178, 'Romania', 'RO'),
	(179, 'Russian Federation', 'RU'),
	(180, 'Saint Kitts and Nevis', 'KN'),
	(181, 'Saint Lucia', 'LC'),
	(182, 'Samoa', 'WS'),
	(183, 'San Marino', 'SM'),
	(184, 'Sao Tome and Principe', 'ST'),
	(185, 'Saudi Arabia', 'SA'),
	(186, 'Scotland', 'SCT'),
	(187, 'Senegal', 'SN'),
	(188, 'Seychelles', 'SC'),
	(189, 'Sierra Leone', 'SL'),
	(190, 'Singapore', 'SG'),
	(191, 'Slovakia', 'SK'),
	(192, 'Slovenia', 'SI'),
	(193, 'Solomon Islands', 'SB'),
	(194, 'Somalia', 'SO'),
	(195, 'South Africa', 'ZA'),
	(196, 'Spain', 'ES'),
	(197, 'Sri Lanka', 'LK'),
	(198, 'Saint Helena', 'SH'),
	(199, 'Saint Pierre and Miquelon', 'PM'),
	(200, 'Saint Vincent and the Grenadines', 'VC'),
	(201, 'Sudan', 'SD'),
	(202, 'Suriname', 'SR'),
	(203, 'Svalbard and Jan Mayen', 'SJ'),
	(204, 'Swaziland', 'SZ'),
	(205, 'Sweden', 'SE'),
	(206, 'Switzerland', 'CH'),
	(207, 'Syrian Arab Republic', 'SY'),
	(208, 'Taiwan', 'TW'),
	(209, 'Tajikistan', 'TJ'),
	(210, 'Tanzania, United Republic of', 'TZ'),
	(211, 'Thailand', 'TH'),
	(212, 'Togo', 'TG'),
	(213, 'Tokelau', 'TK'),
	(214, 'Tonga', 'TO'),
	(215, 'Trinidad and Tobago', 'TT'),
	(216, 'Tunisia', 'TN'),
	(217, 'Turkey', 'TR'),
	(218, 'Turkmenistan', 'TM'),
	(219, 'Turks and Caicos Islands', 'TC'),
	(220, 'Tuvalu', 'TV'),
	(221, 'United States Minor Outlying Islands', 'UMI'),
	(222, 'Uganda', 'UG'),
	(223, 'Ukraine', 'UA'),
	(224, 'United Arab Emirates', 'AE'),
	(225, 'United Kingdom', 'GB'),
	(226, 'United States', 'US'),
	(227, 'Uruguay', 'UY'),
	(228, 'Uzbekistan', 'UZ'),
	(229, 'Vanuatu', 'VU'),
	(230, 'Holy See (Vatican City State)', 'VA'),
	(231, 'Venezuela', 'VE'),
	(232, 'Vietnam', 'VN'),
	(233, 'Virgin Islands, British', 'VG'),
	(234, 'Virgin Islands, U.S.', 'VUUSA'),
	(235, 'Wales', 'WLS'),
	(236, 'Wallis and Futuna', 'WF'),
	(237, 'Western Sahara', 'EH'),
	(238, 'Yemen', 'YE'),
	(240, 'Congo, Democratic Republic of the', 'CD'),
	(241, 'Zambia', 'ZM'),
	(242, 'Zimbabwe', 'ZW'),
	(244, 'Serbia', 'RS'),
	(245, 'Montenegro', 'ME'),
	(246, 'Kosovo', 'KSV'),
	(243, 'Worldwide', 'WW');

-- loc_state
INSERT INTO `loc_state` (`state_id`, `name`, `short_name`, `country_id`) VALUES
	(1, '[Nation Wide]', 'nostate', 226),
	(2, 'Alabama', 'AL', 226),
	(3, 'Alaska', 'AK', 226),
	(4, 'American Samoa', 'AS', 226),
	(5, 'Arizona', 'AZ', 226),
	(6, 'Arkansas', 'AR', 226),
	(7, 'California', 'CA', 226),
	(8, 'Colorado', 'CO', 226),
	(9, 'Connecticut', 'CT', 226),
	(10, 'Delaware', 'DE', 226),
	(11, 'District of Columbia', 'DC', 226),
	(12, 'Florida', 'FL', 226),
	(13, 'Georgia', 'GA', 226),
	(14, 'Guam', 'GU', 226),
	(15, 'Hawaii', 'HI', 226),
	(16, 'Idaho', 'ID', 226),
	(17, 'Illinois', 'IL', 226),
	(18, 'Indiana', 'IN', 226),
	(19, 'Iowa', 'IA', 226),
	(20, 'Kansas', 'KS', 226),
	(21, 'Kentucky', 'KY', 226),
	(22, 'Louisiana', 'LA', 226),
	(23, 'Maine', 'ME', 226),
	(24, 'Marshall Islands', 'MH', 226),
	(25, 'Maryland', 'MD', 226),
	(26, 'Massachusetts', 'MA', 226),
	(27, 'Michigan', 'MI', 226),
	(28, 'Minnesota', 'MN', 226),
	(29, 'Mississippi', 'MS', 226),
	(30, 'Missouri', 'MO', 226),
	(31, 'Montana', 'MT', 226),
	(32, 'Nebraska', 'NE', 226),
	(33, 'Nevada', 'NV', 226),
	(34, 'New Hampshire', 'NH', 226),
	(35, 'New Jersey', 'NJ', 226),
	(36, 'New Mexico', 'NM', 226),
	(37, 'New York', 'NY', 226),
	(38, 'North Carolina', 'NC', 226),
	(39, 'North Dakota', 'ND', 226),
	(40, 'Northern Mariana Islands', 'MP', 226),
	(41, 'Ohio', 'OH', 226),
	(42, 'Oklahoma', 'OK', 226),
	(43, 'Oregon', 'OR', 226),
	(44, 'Palau', 'PW', 226),
	(45, 'Pennsylvania', 'PA', 226),
	(46, 'Puerto Rico', 'PR', 226),
	(47, 'Rhode Island', 'RI', 226),
	(48, 'South Carolina', 'SC', 226),
	(49, 'South Dakota', 'SD', 226),
	(50, 'Tennessee', 'TN', 226),
	(51, 'Texas', 'TX', 226),
	(52, 'Utah', 'UT', 226),
	(53, 'Vermont', 'VT', 226),
	(54, 'Virgin Islands', 'VI', 226),
	(55, 'Virginia', 'VA', 226),
	(56, 'Washington', 'WA', 226),
	(57, 'West Virginia', 'WV', 226),
	(58, 'Wisconsin', 'WI', 226),
	(59, 'Wyoming', 'WY', 226),
	(60, '[Nation Wide]', 'nostate', 38),
	(61, 'Alberta', 'AB', 38),
	(62, 'British Columbia', 'BC', 38),
	(63, 'Manitoba', 'MB', 38),
	(64, 'New Brunswick', 'NB', 38),
	(65, 'Newfoundland and Labrador', 'NL', 38),
	(66, 'Northwest Territories', 'NT', 38),
	(67, 'Nova Scotia', 'NS', 38),
	(68, 'Nunavut', 'NU', 38),
	(69, 'Ontario', 'ON', 38),
	(70, 'Prince Edward Island', 'PE', 38),
	(71, 'Quebec', 'QC', 38),
	(72, 'Saskatchewan', 'SK', 38),
	(73, 'Yukon Territory', 'YT', 38),
	(75, 'Andaman and Nicobar Islands', 'AN', 98),
	(76, 'Andhra Pradesh', 'AP', 98),
	(77, 'Arunachal Pradesh', 'AR', 98),
	(78, 'Assam', 'AS', 98),
	(79, 'Bihar', 'BR', 98),
	(80, 'Chandigarh', 'CH', 98),
	(81, 'Chhattisgarh', 'CT', 98),
	(82, 'Dadra and Nagar Haveli', 'DN', 98),
	(83, 'Daman and Diu', 'DD', 98),
	(84, 'Delhi', 'DL', 98),
	(85, 'Goa', 'GA', 98),
	(86, 'Gujarat', 'GJ', 98),
	(87, 'Haryana', 'HR', 98),
	(88, 'Himachal Pradesh', 'HP', 98),
	(89, 'Jammu and Kashmir', 'JK', 98),
	(90, 'Jharkhand', 'JH', 98),
	(91, 'Karnataka', 'KA', 98),
	(92, 'Kerala', 'KL', 98),
	(93, 'Lakshadweep', 'LD', 98),
	(94, 'Madhya Pradesh', 'MP', 98),
	(95, 'Maharashtra', 'MH', 98),
	(96, 'Manipur', 'MN', 98),
	(97, 'Meghalaya', 'ML', 98),
	(98, 'Mizoram', 'MZ', 98),
	(99, 'Nagaland', 'NL', 98),
	(100, 'Odisha', 'OR', 98),
	(101, 'Puducherry', 'PY', 98),
	(102, 'Punjab', 'PB', 98),
	(103, 'Rajasthan', 'RJ', 98),
	(104, 'Sikkim', 'SK', 98),
	(105, 'Tamil Nadu', 'TN', 98),
	(106, 'Telangana', 'TG', 98),
	(107, 'Tripura', 'TR', 98),
	(108, 'Uttar Pradesh', 'UP', 98),
	(109, 'Uttarakhand', 'UT', 98),
	(110, 'West Bengal', 'WB', 98);

-- status
INSERT INTO `status` (`name`) VALUES
	('MSP Partner'),
	('Preferred Partner'),
	('Premium Partner'),
	('Elite Partner'),
	('Distributor');

-- partner_locator
INSERT INTO `partner_locator` (`company`, `status_id`, `logo`, `address`, `website`, `phone`, `countries_coverd`, `states_coverd`) VALUES
	('Tango Technology', 5, 'distributor.png', 'Sydney, Level 7, 171 Clarence Street', 'tango.com', '+61 2 8001 0250', '[US, CA, VE, TG, SZ, SCT, RU]', '[AZ, GU, KS]'),
	('Blue Turtle Technologies', 4, 'elite.png', 'Midrand, Block E, Midridge Office Estate, International Business Gateway, Cnr New Road & Sixth', 'turtle.com', '+39 0461 997 111', '[US, CA, PK, ND, NP, LV]', '[AL, AZ, NH, MN, WB]'),
	('Novus Insight (Connecticut Center for Advanced Technology)', 1, 'msp.png', 'East Hartford, 222 Pitkin Street', 'msp.com', '+8605198496', '[US, CA, LB, KG, IM, GW, GF, AQ]', '[MZ, MN, LD, AS, ON, NU]'),
	('Soway Information&Technology (Shanghai) Co., LTD', 2, 'preferred.png', 'Room 606, No#20 Building, Qibao International, 8633 Lane, Zhongchun Road, Minhang District Shanghai, China', 'preffered.com', '+86 21 6031 7626', '[US, CA, AF, AR, MM, SK, WW]', '[AB, VY, PR, BR, CH, CT]');